{
  "project_info": {
    "project_number": "504723751016",
    "project_id": "book-exchange-f7270",
    "storage_bucket": "book-exchange-f7270.appspot.com"
  },
  "client": [
    {
      "client_info": {
        "mobilesdk_app_id": "1:504723751016:android:f2d282592375eb3848fbdd",
        "android_client_info": {
          "package_name": "hu.ait.bookexchange"
        }
      },
      "oauth_client": [
        {
          "client_id": "504723751016-r8recsq9r6gg93j3qbolnj8vajbbdgqp.apps.googleusercontent.com",
          "client_type": 3
        }
      ],
      "api_key": [
        {
          "current_key": "AIzaSyBKSBAIgYosYV-4hALuJObCZUgVXwhu2r0"
        }
      ],
      "services": {
        "appinvite_service": {
          "other_platform_oauth_client": [
            {
              "client_id": "504723751016-r8recsq9r6gg93j3qbolnj8vajbbdgqp.apps.googleusercontent.com",
              "client_type": 3
            }
          ]
        }
      }
    }
  ],
  "configuration_version": "1"
}